"FullName","Length","LastWriteTime"
"D:\LLM_PROJECT\.pytest_cache",,"27/09/2026 12:07:01"
"D:\LLM_PROJECT\configs",,"26/09/2026 13:56:33"
"D:\LLM_PROJECT\data",,"26/09/2026 12:57:09"
"D:\LLM_PROJECT\Phase1_Dataset Collection & Corpus Design",,"27/08/2026 22:33:41"
"D:\LLM_PROJECT\rag_policy_dataset",,"26/09/2026 11:25:53"
"D:\LLM_PROJECT\reports",,"27/09/2026 11:42:46"
"D:\LLM_PROJECT\src",,"26/09/2026 13:08:03"
"D:\LLM_PROJECT\srs_document",,"23/08/2026 11:41:29"
"D:\LLM_PROJECT\tests",,"27/09/2026 12:07:00"
"D:\LLM_PROJECT\check_norm.py","2698","27/09/2026 10:53:07"
"D:\LLM_PROJECT\check_registry.py","605","26/09/2026 22:42:01"
"D:\LLM_PROJECT\debug_fonts.py","518","26/09/2026 13:38:16"
"D:\LLM_PROJECT\debug_star.py","1115","26/09/2026 13:30:38"
"D:\LLM_PROJECT\docs_text.txt","64496","26/09/2026 11:39:41"
"D:\LLM_PROJECT\duplicate_check.txt","1432","26/09/2026 12:41:44"
"D:\LLM_PROJECT\effective_dates.txt","1764","26/09/2026 12:59:38"
"D:\LLM_PROJECT\fix_fonts.py","1406","26/09/2026 13:37:10"
"D:\LLM_PROJECT\fix_fonts2.py","1524","26/09/2026 13:39:58"
"D:\LLM_PROJECT\font_debug.txt","275","26/09/2026 13:38:32"
"D:\LLM_PROJECT\inspection_results.txt","0","26/09/2026 13:19:15"
"D:\LLM_PROJECT\inspection_results2.txt","873","26/09/2026 13:27:21"
"D:\LLM_PROJECT\inspection_results3.txt","812","26/09/2026 13:29:39"
"D:\LLM_PROJECT\inspection_results4.txt","831","26/09/2026 13:37:53"
"D:\LLM_PROJECT\inspection_results5.txt","919","26/09/2026 13:41:42"
"D:\LLM_PROJECT\inspection_results6.txt","918","26/09/2026 13:44:25"
"D:\LLM_PROJECT\inspection_results7.txt","938","26/09/2026 13:47:41"
"D:\LLM_PROJECT\inspection_results8.txt","937","26/09/2026 13:48:51"
"D:\LLM_PROJECT\norm_check.txt","386","27/09/2026 10:52:33"
"D:\LLM_PROJECT\norm_check2.txt","2350","27/09/2026 10:53:24"
"D:\LLM_PROJECT\ocr_test.txt","450","26/09/2026 13:15:03"
"D:\LLM_PROJECT\ocr_test2.txt","698","26/09/2026 13:18:46"
"D:\LLM_PROJECT\pdf_content_sample.txt","23223","26/09/2026 12:40:27"
"D:\LLM_PROJECT\pdf_inspection.txt","4500","26/09/2026 12:12:47"
"D:\LLM_PROJECT\pipeline_run.txt","1731","26/09/2026 13:51:59"
"D:\LLM_PROJECT\pipeline_run2.txt","1131","26/09/2026 13:53:33"
"D:\LLM_PROJECT\pipeline_run3.txt","4239","26/09/2026 13:58:08"
"D:\LLM_PROJECT\pipeline_run4.txt","4518","26/09/2026 15:51:34"
"D:\LLM_PROJECT\pipeline_run5.txt","4518","26/09/2026 16:02:02"
"D:\LLM_PROJECT\pipeline_run6.txt","4518","26/09/2026 22:24:02"
"D:\LLM_PROJECT\pipeline_run7.txt","4518","26/09/2026 22:51:06"
"D:\LLM_PROJECT\policy_doc_sample.txt","4142","26/09/2026 12:58:15"
"D:\LLM_PROJECT\product_search.txt","2202","26/09/2026 12:58:43"
"D:\LLM_PROJECT\profile_star.py","1177","26/09/2026 13:45:21"
"D:\LLM_PROJECT\registry_check.txt","359","26/09/2026 22:25:06"
"D:\LLM_PROJECT\registry_check2.txt","680","26/09/2026 22:27:47"
"D:\LLM_PROJECT\registry_check3.txt","2375","26/09/2026 22:43:16"
"D:\LLM_PROJECT\registry_check4.txt","2506","27/09/2026 10:51:11"
"D:\LLM_PROJECT\run_phase1.py","2771","26/09/2026 13:52:42"
"D:\LLM_PROJECT\star_debug.txt","451","26/09/2026 13:30:14"
"D:\LLM_PROJECT\star_debug2.txt","234","26/09/2026 13:31:41"
"D:\LLM_PROJECT\star_profile.txt","510","26/09/2026 13:45:57"
"D:\LLM_PROJECT\temp_structure.csv","0","28/09/2026 10:00:41"
"D:\LLM_PROJECT\.pytest_cache\v",,"27/09/2026 12:07:01"
"D:\LLM_PROJECT\.pytest_cache\.gitignore","39","27/09/2026 12:07:01"
"D:\LLM_PROJECT\.pytest_cache\CACHEDIR.TAG","191","27/09/2026 12:07:01"
"D:\LLM_PROJECT\.pytest_cache\README.md","310","27/09/2026 12:07:01"
"D:\LLM_PROJECT\.pytest_cache\v\cache",,"27/09/2026 12:07:01"
"D:\LLM_PROJECT\.pytest_cache\v\cache\lastfailed","505","27/09/2026 12:14:02"
"D:\LLM_PROJECT\.pytest_cache\v\cache\nodeids","3244","27/09/2026 12:16:49"
"D:\LLM_PROJECT\.pytest_cache\v\cache\stepwise","2","27/09/2026 12:17:45"
"D:\LLM_PROJECT\configs\documents.json","6985","27/09/2026 12:45:01"
"D:\LLM_PROJECT\data\extracted",,"26/09/2026 13:58:08"
"D:\LLM_PROJECT\data\normalized",,"26/09/2026 13:58:08"
"D:\LLM_PROJECT\data\raw",,"26/09/2026 12:57:09"
"D:\LLM_PROJECT\data\extracted\DOC-004",,"26/09/2026 13:57:54"
"D:\LLM_PROJECT\data\extracted\DOC-001.json","766321","27/09/2026 12:42:47"
"D:\LLM_PROJECT\data\extracted\DOC-002.json","913291","27/09/2026 12:42:52"
"D:\LLM_PROJECT\data\extracted\DOC-003.json","1438024","27/09/2026 12:42:58"
"D:\LLM_PROJECT\data\extracted\DOC-004.json","1263162","27/09/2026 12:44:41"
"D:\LLM_PROJECT\data\extracted\DOC-005.json","479360","27/09/2026 12:44:43"
"D:\LLM_PROJECT\data\extracted\DOC-006.json","515327","27/09/2026 12:44:45"
"D:\LLM_PROJECT\data\extracted\DOC-007.json","1503855","27/09/2026 12:44:48"
"D:\LLM_PROJECT\data\extracted\DOC-008.json","1085157","27/09/2026 12:44:52"
"D:\LLM_PROJECT\data\extracted\DOC-009.json","1328402","27/09/2026 12:44:56"
"D:\LLM_PROJECT\data\extracted\DOC-010.json","1296571","27/09/2026 12:45:01"
"D:\LLM_PROJECT\data\extracted\DOC-004\ocr.json","3669","27/09/2026 12:44:41"
"D:\LLM_PROJECT\data\normalized\DOC-001.json","1506830","27/09/2026 12:42:47"
"D:\LLM_PROJECT\data\normalized\DOC-002.json","1747067","27/09/2026 12:42:52"
"D:\LLM_PROJECT\data\normalized\DOC-003.json","2651818","27/09/2026 12:42:57"
"D:\LLM_PROJECT\data\normalized\DOC-004.json","2335713","27/09/2026 12:44:41"
"D:\LLM_PROJECT\data\normalized\DOC-005.json","946402","27/09/2026 12:44:43"
"D:\LLM_PROJECT\data\normalized\DOC-006.json","1003508","27/09/2026 12:44:44"
"D:\LLM_PROJECT\data\normalized\DOC-007.json","2936809","27/09/2026 12:44:48"
"D:\LLM_PROJECT\data\normalized\DOC-008.json","2118422","27/09/2026 12:44:52"
"D:\LLM_PROJECT\data\normalized\DOC-009.json","2660427","27/09/2026 12:44:56"
"D:\LLM_PROJECT\data\normalized\DOC-010.json","2493640","27/09/2026 12:45:01"
"D:\LLM_PROJECT\Phase1_Dataset Collection & Corpus Design\Dataset.pdf","537167","27/08/2026 22:33:40"
"D:\LLM_PROJECT\Phase1_Dataset Collection & Corpus Design\Dataset_Design.pdf","411497","23/08/2026 11:54:19"
"D:\LLM_PROJECT\rag_policy_dataset\elevate-policy-wordings.pdf","891156","23/08/2026 11:07:42"
"D:\LLM_PROJECT\rag_policy_dataset\en-ultimate-care---policy-terms-and-conditions.pdf","583118","23/08/2026 11:13:49"
"D:\LLM_PROJECT\rag_policy_dataset\Policy Wordings - Digit Health Insurance Policy.pdf","4702069","28/08/2026 21:00:40"
"D:\LLM_PROJECT\rag_policy_dataset\policy-document.pdf","1547048","28/08/2026 20:57:38"
"D:\LLM_PROJECT\rag_policy_dataset\policy-wordings-digit-health-insurance-policy.pdf","5172673","29/08/2026 12:45:27"
"D:\LLM_PROJECT\rag_policy_dataset\PolicyClause_ NewIndiaMediclaimPolicy.pdf","1378313","29/08/2026 13:04:39"
"D:\LLM_PROJECT\rag_policy_dataset\PolicyWordings_myOptimaSecure-76673175551_HDFC.pdf","925936","23/08/2026 11:03:03"
"D:\LLM_PROJECT\rag_policy_dataset\Prospectus_Star_Comprehensive_Insurance_Policy_V_12_dc6058c95e.pdf","2479350","23/08/2026 11:24:23"
"D:\LLM_PROJECT\rag_policy_dataset\ReAssure 2.0 - PolicyWording.pdf","472137","23/08/2026 11:06:26"
"D:\LLM_PROJECT\rag_policy_dataset\Tata_AIG_Medi_Care_82932b277a.pdf","233850","29/08/2026 12:56:30"
"D:\LLM_PROJECT\reports\phase1_extraction_report.json","12832","27/09/2026 12:45:01"
"D:\LLM_PROJECT\reports\phase1_extraction_report.md","7679","27/09/2026 12:45:01"
"D:\LLM_PROJECT\reports\quality_audit.md","15461","28/09/2026 09:39:49"
"D:\LLM_PROJECT\src\ingestion",,"26/09/2026 13:10:06"
"D:\LLM_PROJECT\src\__pycache__",,"26/09/2026 13:08:03"
"D:\LLM_PROJECT\src\__init__.py","74","26/09/2026 13:00:27"
"D:\LLM_PROJECT\src\ingestion\__pycache__",,"27/09/2026 12:42:16"
"D:\LLM_PROJECT\src\ingestion\normalizer.py","35964","27/09/2026 12:41:51"
"D:\LLM_PROJECT\src\ingestion\ocr_extractor.py","11767","26/09/2026 13:16:23"
"D:\LLM_PROJECT\src\ingestion\pdf_inspector.py","22490","27/09/2026 10:54:35"
"D:\LLM_PROJECT\src\ingestion\pipeline.py","37743","26/09/2026 22:44:38"
"D:\LLM_PROJECT\src\ingestion\pymupdf_extractor.py","10882","27/09/2026 11:22:56"
"D:\LLM_PROJECT\src\ingestion\__init__.py","851","26/09/2026 13:11:52"
"D:\LLM_PROJECT\src\ingestion\__pycache__\normalizer.cpython-314.pyc","39729","27/09/2026 12:42:16"
"D:\LLM_PROJECT\src\ingestion\__pycache__\ocr_extractor.cpython-314.pyc","16629","26/09/2026 13:18:10"
"D:\LLM_PROJECT\src\ingestion\__pycache__\pdf_inspector.cpython-314.pyc","25280","27/09/2026 11:15:46"
"D:\LLM_PROJECT\src\ingestion\__pycache__\pipeline.cpython-314.pyc","43957","26/09/2026 22:48:09"
"D:\LLM_PROJECT\src\ingestion\__pycache__\pymupdf_extractor.cpython-314.pyc","14328","27/09/2026 11:34:38"
"D:\LLM_PROJECT\src\ingestion\__pycache__\__init__.cpython-314.pyc","868","26/09/2026 13:12:06"
"D:\LLM_PROJECT\src\__pycache__\__init__.cpython-314.pyc","211","26/09/2026 13:08:03"
"D:\LLM_PROJECT\srs_document\Insurance Policy Intelligence_V1.pdf","589304","23/08/2026 10:10:53"
"D:\LLM_PROJECT\tests\__pycache__",,"27/09/2026 12:18:20"
"D:\LLM_PROJECT\tests\test_phase1_ingestion.py","25063","27/09/2026 12:07:12"
"D:\LLM_PROJECT\tests\__init__.py","0","26/09/2026 13:11:25"
"D:\LLM_PROJECT\tests\__pycache__\test_phase1_ingestion.cpython-314-pytest-8.3.4.pyc","85637","27/09/2026 12:07:46"
"D:\LLM_PROJECT\tests\__pycache__\test_phase1_ingestion.cpython-314.pyc","36394","27/09/2026 12:18:20"
"D:\LLM_PROJECT\tests\__pycache__\__init__.cpython-314.pyc","131","27/09/2026 12:07:00"
